{"cameraMode":{"drawMode":0,"name":"Shaded","section":"Shading Mode"},"sceneLighting":true,"audioPlay":false,"sceneViewState":{"m_AlwaysRefresh":false,"showFog":true,"showSkybox":true,"showFlares":true,"showImageEffects":true,"showParticleSystems":true,"showVisualEffectGraphs":true,"m_FxEnabled":true},"in2DMode":false,"pivot":{"x":812.5491943359375,"y":2343.821533203125,"z":6.78533935546875},"rotation":{"x":-0.03179866820573807,"y":-0.017394233494997026,"z":0.0005575433606281877,"w":-0.9993454217910767},"size":591.3360595703125,"orthographic":false}