{"cameraMode":{"drawMode":0,"name":"Shaded","section":"Shading Mode"},"sceneLighting":true,"audioPlay":false,"sceneViewState":{"m_AlwaysRefresh":false,"showFog":true,"showSkybox":true,"showFlares":true,"showImageEffects":true,"showParticleSystems":true,"showVisualEffectGraphs":true,"m_FxEnabled":true},"in2DMode":false,"pivot":{"x":7.285109043121338,"y":59.62122344970703,"z":-28.700395584106447},"rotation":{"x":-0.2480844110250473,"y":0.028183860704302789,"z":-0.0072142379358410839,"w":-0.9683082699775696},"size":10.662773132324219,"orthographic":false}